Source:,C:\Users\user\Desktop\mchp_dmx\PCBs\DMX Receiver\dmxRx.kicad_sch,,,,,,
Date:,9/14/2023 9:39,,,,Install before test,,
Tool:,Eeschema 7.0.6,,,,Install after test,,
Generator:,C:\Program Files\KiCad\7.0\bin\scripting\plugins/bom_csv_grouped_by_value_with_fp.py,,,,,,
Component Count:,66,,,,,,
Ref,Qnty,Value,Cmp name,Footprint,Description,Vendor,DNP
"C1, C5",2,4.7uF,C,Capacitor_SMD:C_0603_1608Metric_Pad1.08x0.95mm_HandSolder,Unpolarized capacitor,https://www.digikey.com/en/products/detail/murata-electronics/GRM188C71A475KE11D/4905309?s=N4IgTCBcDaICwE4AMBaAjGhCzpQOQBEQBdAXyA,
C2,1,4700pF,C,Capacitor_SMD:C_0603_1608Metric_Pad1.08x0.95mm_HandSolder,Unpolarized capacitor,https://www.digikey.com/en/products/detail/kemet/C0603C472K5RACAUTO/3314891?s=N4IgTCBcDaIMwE4EFoBsAOBrkEZkDkAREAXQF8g,
C3,1,1uF,C,Capacitor_SMD:C_0805_2012Metric_Pad1.18x1.45mm_HandSolder,Unpolarized capacitor,https://www.digikey.com/en/products/detail/murata-electronics/GCM21BC72A105KE36L/6606065?s=N4IgTCBcDaICwE4AMBaAjHOBmAbCsKAcgCIgC6AvkA,
"C4, C10",2,0.1uF,C,Capacitor_SMD:C_0603_1608Metric_Pad1.08x0.95mm_HandSolder,Unpolarized capacitor,https://www.digikey.com/en/products/detail/w%C3%BCrth-elektronik/885012206120/11479578?s=N4IgTCBcDaIOwGYwFoAcqCsAGAjGMWAbHlgCoBKyAcgCIgC6AvkA,
"C6, C8, C9",3,10uF,C,Capacitor_SMD:C_1210_3225Metric_Pad1.33x2.70mm_HandSolder,Unpolarized capacitor,https://www.digikey.com/en/products/detail/murata-electronics/GRM32EC72A106KE05L/7319245?s=N4IgTCBcDaICwE4AMBaAjANjBj6UDkAREAXQF8g,
"C11, C12, C13",3,100uF,C,Capacitor_SMD:C_1206_3216Metric_Pad1.33x1.80mm_HandSolder,Unpolarized capacitor,https://www.digikey.com/en/products/detail/samsung-electro-mechanics/CL31A107MQHNNNE/3889868,
"C14, C15",2,22uF,C,Capacitor_SMD:C_0805_2012Metric_Pad1.18x1.45mm_HandSolder,Unpolarized capacitor,https://www.digikey.com/en/products/detail/murata-electronics/GRM21BC81C226ME44L/4905510?s=N4IgTCBcDaIBwEYC0BxASgWTAgQgYUTzDADYMBRAFgBkQBdAXyA,
C16,1,1000pF,C,Capacitor_SMD:C_0603_1608Metric_Pad1.08x0.95mm_HandSolder,Unpolarized capacitor,https://www.digikey.com/en/products/detail/w%C3%BCrth-elektronik/885012206120/11479578?s=N4IgTCBcDaIOwGYwFoAcqCsAGAjGMWAbHlgCoBKyAcgCIgC6AvkA,
"C17, C18, C19",3,.1uF,C,Capacitor_SMD:C_0402_1005Metric_Pad0.74x0.62mm_HandSolder,Unpolarized capacitor,https://www.digikey.com/en/products/detail/samsung-electro-mechanics/CL05A104KA5NNNC/3886701,
"CON1, CON2",2,~,E5J88-00LJG2-L,E5J88-00LJG2-L:E5J88-00LJG2-L,,https://www.digikey.com/en/products/detail/pulse-electronics/E5J88-00LJG2-L/1785312,
D1,1,+48V,LED,Resistor_SMD:R_0201_0603Metric_Pad0.64x0.40mm_HandSolder,Light emitting diode,https://www.digikey.com/en/products/detail/liteon/LTST-C191KSKT/386839,
D2,1,+5V,LED,Resistor_SMD:R_0201_0603Metric_Pad0.64x0.40mm_HandSolder,Light emitting diode,https://www.digikey.com/en/products/detail/liteon/LTST-C190GKT/269230,
FB1,1,120R,FerriteBead,Resistor_SMD:R_0805_2012Metric_Pad1.20x1.40mm_HandSolder,Ferrite bead,https://www.digikey.com/en/products/detail/vishay-dale/ILHB0805ER121V/5168396,
"H1, H2, H3, H4",4,MountingHole,MountingHole,MountingHole:MountingHole_3.2mm_M3,Mounting Hole without connection,N/A,
J1,1,Conn_01x05_Socket,Conn_01x05_Socket,Connector_PinHeader_2.54mm:PinHeader_1x05_P2.54mm_Vertical,"Generic connector, single row, 01x05, script generated",https://www.digikey.com/en/products/detail/w%C3%BCrth-elektronik/61300511121/4846831,
J2,1,Conn_01x03_Socket,Conn_01x03_Socket,Connector_PinHeader_2.54mm:PinHeader_1x03_P2.54mm_Vertical,"Generic connector, single row, 01x03, script generated",https://www.digikey.com/en/products/detail/w%C3%BCrth-elektronik/61300311121/4846825,
L1,1,3.3uH,L,XGL6060:XGL6060,Inductor,https://www.digikey.com/en/products/detail/coilcraft/XGL6060-332MEC/15794210?s=N4IgTCBcDaIBoHEAyA2ADOgtAZmxAugL5A,
R1,1,300k,R,Resistor_SMD:R_0402_1005Metric_Pad0.72x0.64mm_HandSolder,Resistor,https://www.digikey.com/en/products/detail/panasonic-electronic-components/ERJ-2RKF3003X/1746185?s=N4IgTCBcDaIAoGYAMSDSAZAKgJQLQDkAREAXQF8g,
"R2, R3, R5",3,100k,R,Resistor_SMD:R_0402_1005Metric_Pad0.72x0.64mm_HandSolder,Resistor,https://www.digikey.com/en/products/detail/koa-speer-electronics-inc/RK73H1ETTP1003F/9844156?s=N4IgTCBcDaIGxwAwFoBKBpA7AZgBIEYBRAFWIAV9FFsAxEAXQF8g,
R4,1,0R,R,Resistor_SMD:R_0402_1005Metric_Pad0.72x0.64mm_HandSolder,Resistor,https://www.digikey.com/en/products/detail/koa-speer-electronics-inc/RK73H1ETTP1003F/9844156?s=N4IgTCBcDaIGxwAwFoBKBpA7AZgBIEYBRAFWIAV9FFsAxEAXQF8g,DNP
R6,1,10k,R,Resistor_SMD:R_0603_1608Metric_Pad0.98x0.95mm_HandSolder,Resistor,https://www.digikey.com/en/products/detail/yageo/AC0603FR-1010KL/13694182?s=N4IgTCBcDaIIIGEAMA2JBmAYgJQLQEYlCBpAGQAIBPAQwHMBTAexAF0BfIA,
"R7, R13",2,1R,R,Resistor_SMD:R_0603_1608Metric_Pad0.98x0.95mm_HandSolder,Resistor,https://www.digikey.com/en/products/detail/stackpole-electronics-inc/RNCP0603FTD1R00/2240072?s=N4IgTCBcDaIEoDkDCAFADANjQZgGIBUARARjjTSXwFoFCQBdAXyA,
"R8, R12",2,0R,R,Resistor_SMD:R_0402_1005Metric_Pad0.72x0.64mm_HandSolder,Resistor,https://www.digikey.com/en/products/detail/panasonic-electronic-components/ERJ-2GE0R00X/146727?s=N4IgTCBcDaIAoAYB0CBSBhAKgWgHIBEQBdAXyA,
R9,1,1.37k,R,Resistor_SMD:R_0603_1608Metric_Pad0.98x0.95mm_HandSolder,Resistor,https://www.digikey.com/en/products/detail/yageo/RC0603FR-071K37L/726860?s=N4IgTCBcDaIMwEYEFoEDo4HYDSAJASgMIAqyAcgCIgC6AvkA,
R10,1,3.01k,R,Resistor_SMD:R_0603_1608Metric_Pad0.98x0.95mm_HandSolder,Resistor,https://www.digikey.com/en/products/detail/yageo/RC0603FR-073K01L/727121?s=N4IgTCBcDaIMwEYEFo4DoAMCDSAJASgCr7IByAIiALoC%2BQA,
R14,1,1R,R,Resistor_SMD:R_0805_2012Metric_Pad1.20x1.40mm_HandSolder,Resistor,https://www.digikey.com/en/products/detail/stackpole-electronics-inc/RMCF0805FT1R00/1760547?s=N4IgTCBcDaIEoFkDCAxADADjQVhQFQEY400k8BaAOQBEQBdAXyA,
R15,1,24.9k,R,Resistor_SMD:R_0603_1608Metric_Pad0.98x0.95mm_HandSolder,Resistor,https://www.digikey.com/en/products/detail/yageo/RC0603FR-0724K9L/727080?s=N4IgTCBcDaIMwEYEFowBYB0BOA0gCQCUBhAFWQDkAREAXQF8g,
R16,1,10k,R,Resistor_SMD:R_0402_1005Metric_Pad0.72x0.64mm_HandSolder,Resistor,https://www.digikey.com/en/products/detail/yageo/AC0402FR-0710KL/5895030,
R17,1,30k,R,Resistor_SMD:R_0402_1005Metric_Pad0.72x0.64mm_HandSolder,Resistor,https://www.digikey.com/en/products/detail/yageo/RC0805JR-0730KL/728310,
R18,1,1.4k,R,Resistor_SMD:R_0402_1005Metric_Pad0.72x0.64mm_HandSolder,Resistor,https://www.digikey.com/en/products/detail/yageo/RC0805FR-071K4L/727487,
R19,1,1k,R,Resistor_SMD:R_0402_1005Metric_Pad0.72x0.64mm_HandSolder,Resistor,https://www.digikey.com/en/products/detail/susumu/RR0510P-102-D/432398,
R20,1,790,R,Resistor_SMD:R_0402_1005Metric_Pad0.72x0.64mm_HandSolder,Resistor,https://www.digikey.com/en/products/detail/yageo/RC0402FR-07787RL/5281093,
SW1,1,SW_DIP_x03,SW_DIP_x03,Package_DIP:DIP-6_W7.62mm,"3x DIP Switch, Single Pole Single Throw (SPST) switch, small symbol",https://www.digikey.com/en/products/detail/cts-electrocomponents/210-3MS/2503780,
SW2,1,MCLR_SW,SW_Push,EVQ-P7A01P:EVQ-P7A01P,"Push button switch, generic, two pins",https://www.digikey.com/en/products/detail/panasonic-electronic-components/EVQ-P7A01P/4429447,
TP1,1,PWM,TestPoint,TestPoint:TestPoint_Loop_D2.50mm_Drill1.0mm,test point,N/A,
TP2,1,SCK,TestPoint,TestPoint:TestPoint_Loop_D2.50mm_Drill1.0mm,test point,N/A,
TP3,1,SDO,TestPoint,TestPoint:TestPoint_Loop_D2.50mm_Drill1.0mm,test point,N/A,
TP4,1,U1TX,TestPoint,TestPoint:TestPoint_Loop_D2.50mm_Drill1.0mm,test point,N/A,
TP5,1,DOUT,TestPoint,TestPoint:TestPoint_Loop_D2.50mm_Drill1.0mm,test point,N/A,
TP6,1,DMX DI,TestPoint,TestPoint:TestPoint_Loop_D2.50mm_Drill1.0mm,test point,N/A,
TP7,1,GND,TestPoint,TestPoint:TestPoint_Loop_D2.50mm_Drill1.0mm,test point,N/A,
TP8,1,+5V,TestPoint,TestPoint:TestPoint_Loop_D2.50mm_Drill1.0mm,test point,N/A,
"TP9, TP11",2,SW,TestPoint,TestPoint:TestPoint_Loop_D2.50mm_Drill1.0mm,test point,N/A,
TP10,1,RC0,TestPoint,TestPoint:TestPoint_Loop_D2.50mm_Drill1.0mm,test point,N/A,
TP12,1,VDD,TestPoint,TestPoint:TestPoint_Loop_D2.50mm_Drill1.0mm,test point,N/A,
U1,1,PIC18F56Q71-I/PT,PIC18F56Q71-I_PT,TQFP48_PT_MCH,,https://www.digikey.com/en/products/detail/microchip-technology/PIC18F56Q71-I-PT/17631044,
U2,1,MIC28517T-E/PHA,MIC28517T-E_PHA,VQFN32_6X6_3EP_PHA_MCH,,https://www.microchip.com/en-us/product/mic28517,
U3,1,SP485CN-L,SP485CN-L,NSOIC-8,,https://www.digikey.com/en/products/detail/maxlinear-inc/SP485CN-L/2411099,
